[
    {
      "id": 1,
      "name": "Chocolate Delight",
      "description": "Rich chocolate sponge layered with chocolate ganache.",
      "price": 15.99,
      "imageUrl": "https://images.unsplash.com/photo-1617806501370-de538e4bbaca?w=500&auto=format&fit=crop&q=60&ixlib=rb-4.0.3&ixid=M3wxMjA3fDB8MHxzZWFyY2h8OHx8Q2hvY29sYXRlJTIwRGVsaWdodHxlbnwwfHwwfHx8MA%3D%3D"
    },
    {
      "id": 2,
      "name": "Vanilla Dream",
      "description": "Classic vanilla cake with a creamy vanilla frosting.",
      "price": 12.99,
      "imageUrl": "https://images.unsplash.com/photo-1567022432449-5cdf87e209a4?w=500&auto=format&fit=crop&q=60&ixlib=rb-4.0.3&ixid=M3wxMjA3fDB8MHxzZWFyY2h8MTl8fFZhbmlsbGElMjBEcmVhbXxlbnwwfHwwfHx8MA%3D%3D"
    },
    {
      "id": 3,
      "name": "Red Velvet Bliss",
      "description": "Moist red velvet with a tangy cream cheese frosting.",
      "price": 14.99,
      "imageUrl": "https://images.unsplash.com/photo-1439127989242-c3749a012eac?w=500&auto=format&fit=crop&q=60&ixlib=rb-4.0.3&ixid=M3wxMjA3fDB8MHxzZWFyY2h8MTl8fFJlZCUyMFZlbHZldCUyMEJsaXNzfGVufDB8fDB8fHww"
    },
    {
      "id": 4,
      "name": "Strawberry Sensation",
      "description": "Strawberry-infused cake with fresh strawberry slices.",
      "price": 13.49,
      "imageUrl": "https://plus.unsplash.com/premium_photo-1664391791707-783c7a8a698f?w=500&auto=format&fit=crop&q=60&ixlib=rb-4.0.3&ixid=M3wxMjA3fDB8MHxzZWFyY2h8NXx8U3RyYXdiZXJyeSUyMFNlbnNhdGlvbiUyMGNha2V8ZW58MHx8MHx8fDA%3D"
    },
    {
      "id": 5,
      "name": "Lemon Zest",
      "description": "A tangy lemon cake with a light glaze.",
      "price": 11.99,
      "imageUrl": "https://plus.unsplash.com/premium_photo-1714942934723-118f2b4dd6dc?w=500&auto=format&fit=crop&q=60&ixlib=rb-4.0.3&ixid=M3wxMjA3fDB8MHxzZWFyY2h8MXx8TGVtb24lMjBaZXN0JTIwY2FrZXxlbnwwfHwwfHx8MA%3D%3D"
    },
    {
      "id": 6,
      "name": "Carrot Walnut",
      "description": "Spiced carrot cake with crunchy walnuts and cream cheese frosting.",
      "price": 13.99,
      "imageUrl": "https://plus.unsplash.com/premium_photo-1676914697101-56a0e7f1f1ec?w=500&auto=format&fit=crop&q=60&ixlib=rb-4.0.3&ixid=M3wxMjA3fDB8MHxzZWFyY2h8NXx8Q2Fycm90JTIwV2FsbnV0JTIwY2FrZXxlbnwwfHwwfHx8MA%3D%3D"
    },
    {
      "id": 7,
      "name": "Blueberry Burst",
      "description": "Blueberry cake with blueberry compote filling.",
      "price": 14.49,
      "imageUrl": "https://plus.unsplash.com/premium_photo-1675371100797-90cc84925477?w=500&auto=format&fit=crop&q=60&ixlib=rb-4.0.3&ixid=M3wxMjA3fDB8MHxzZWFyY2h8OXx8Qmx1ZWJlcnJ5JTIwQnVyc3QlMjBjYWtlfGVufDB8fDB8fHww"
    },
    {
      "id": 8,
      "name": "Tiramisu Temptation",
      "description": "Coffee-flavored cake layered with mascarpone cream.",
      "price": 16.99,
      "imageUrl": "https://images.unsplash.com/photo-1525203135335-74d272fc8d9c?w=500&auto=format&fit=crop&q=60&ixlib=rb-4.0.3&ixid=M3wxMjA3fDB8MHxzZWFyY2h8MjB8fFRpcmFtaXN1JTIwVGVtcHRhdGlvbiUyMGNha2V8ZW58MHx8MHx8fDA%3D"
    },
    {
      "id": 9,
      "name": "Black Forest Classic",
      "description": "Chocolate sponge cake layered with cherries and whipped cream.",
      "price": 15.49,
      "imageUrl": "https://plus.unsplash.com/premium_photo-1714245811558-4608b6ea365b?q=80&w=2070&auto=format&fit=crop&ixlib=rb-4.0.3&ixid=M3wxMjA3fDB8MHxwaG90by1wYWdlfHx8fGVufDB8fHx8fA%3D%3D"
    },
    {
      "id": 10,
      "name": "Mango Magic",
      "description": "Mango-flavored cake topped with fresh mango slices.",
      "price": 12.49,
      "imageUrl": "https://plus.unsplash.com/premium_photo-1668703459956-b8f36cd2bfbc?w=500&auto=format&fit=crop&q=60&ixlib=rb-4.0.3&ixid=M3wxMjA3fDB8MHxzZWFyY2h8OXx8TWFuZ28lMjBNYWdpYyUyMGNha2V8ZW58MHx8MHx8fDA%3D"
    }
  ]
  